"CobleA","CobleB","CobleC","CobleM","CobleT","Fpeak","Stedmon_D","Optical_Brighteners","dieselBandII","Petroleum","Lignin","BIX","HIX","FI","M_to_C","JP5_empirical","JP5_normalized","Diesel_Chen","sample","run_name","UniqueID"
0.0270175201971542,0.0297934516922021,0.0301037025617945,0.031049515739518,0.0467444910593858,0.0103585025759859,0.0153903810205551,0.0250100363789897,0.012032196051262,0.0335658862172023,0.0583261440198114,0.757714308324696,1.52596560673368,1.56092037770082,0.969538553011321,2.37363625220747,0.0607608716863688,10.4601635441491,"Group001Sample0001","TURNT","Mo22_0349"
0.00877011452180404,0.0309224901089616,0.00925482118213057,0.0103307424462078,0.0207959098377002,0.011448685068976,0.00449465385643202,0.0070796901375672,0.00338106847877488,0.0100556022743001,0.00793436473836072,0.891116487509512,1.27109954123773,1.69522324501888,0.89585247433284,1.46644663790803,0.124164569245794,3.60492929384905,"Group001Sample0002","TURNT","Mo22_0338"
0.0362346256716635,0.0393997702026473,0.0398511156987388,0.0365783288981667,0.0418804653571221,0.0010328715007971,0.0261047821023037,0.0339762126417743,0.018814556111247,0.0531869362339782,0.0154366490004301,0.801319626169087,2.63409588857525,1.62629219582085,1.08947338216799,2.34530534330107,0.0488777441435522,9.8029446529393,"Group001Sample0003","TURNT","Mo22_0348"
0.0383716726046609,0.0385297916054874,0.0439584625903555,0.0408562960096793,0.0403162999423192,0.0194495781793085,0.0258568060390462,0.0367961378814817,0.0186807330810848,0.0500238285175553,0.00145764500857852,0.811331630942246,3.0221474006702,1.55109797564873,1.07592872784996,2.13833994816577,0.0421040364004233,10.0139601973083,"Group001Sample0004","TURNT","Mo22_0341"
0.038819230546311,0.0339063328947009,0.0424289300471951,0.0397773428456745,0.042896697783683,0.00349291133387631,0.0242299491110566,0.0352073651270329,0.017232550241725,0.0476419915710855,0.00796010823924116,0.789760082313561,2.90026496205583,1.58262744356452,1.06666074231776,2.25446585520162,0.0464124609298334,10.027564613809,"Group001Sample0005","TURNT","Mo22_0343"
0.0422860736356199,0.0475690461657901,0.0449065585531261,0.0441961328503794,0.0733952205045184,0.0149646555383624,0.0265272335681486,0.0374367688393441,0.0196724670793014,0.0528262456584478,0.0645582031605508,0.812122853305139,1.7541134167061,1.51609593801544,1.01607438608151,3.79523879531541,0.0652652561822108,14.7169310451638,"Group001Sample0006","TURNT","Mo22_0346"
0.0430601497568146,0.0506502143969057,0.0445356223806719,0.0442843843090853,0.0489381717023155,0.0170295489771063,0.0243774068845689,0.0356962089721878,0.0173547374534586,0.0514605157668427,0.0258822919754287,0.71785448324655,2.073442275604,1.59284436024544,1.00567328812416,2.66273949430285,0.0484135322719999,12.8638390884901,"Group001Sample0007","TURNT","Mo22_0358"
0.0324681612415305,0.055936600037894,0.0333300505764681,0.0345998993711206,0.02993245010152,0.00633044350312424,0.0190421499306971,0.0274895262346218,0.0144669599872377,0.0385058874309858,0.0370854601847718,0.728941776943402,1.48139205787454,1.58538026580777,0.963299061045465,2.18065062138223,0.0522014539071992,10.1986704949935,"Group002Sample0001","TURNT","Mo22_0359"
0.0363206700568671,0.0445313384877979,0.0370094653059181,0.0381656093309242,0.0463343305914659,0.00607102725630111,0.0206757951956518,0.0305349756126589,0.0144284865619756,0.0412305688259762,0.0620482071879738,0.786087016019814,1.79719727517149,1.63675188825597,0.969707177606378,2.44269955144815,0.0518317219102808,11.7240838962033,"Group002Sample0002","TURNT","Mo22_0355"
0.00886059054383603,0.0365813441274826,0.00804083464328242,0.0121652876696603,0.0321665274447905,0.00744194036092159,0.00402128523926643,0.00671172932461136,0.00318068475052389,0.0102740667568189,0.0254902637935006,0.88791457545465,0.787717811679865,1.65430535953616,0.660965433915378,1.79036026419971,0.128693769588851,5.89171111878201,"Group002Sample0003","TURNT","Mo22_0352"
0.0348708608386798,0.0606657669980956,0.0350477065715792,0.0369664487187328,0.0401337230239257,0.020760032135615,0.0197654846051057,0.0279020041009122,0.0144071782082113,0.0392718021602937,0.042540617506241,0.697926636710103,1.36226114878144,1.57032479476111,0.948095037157808,2.60348038707476,0.0577368445073688,11.5523033232271,"Group002Sample0004","TURNT","Mo22_0360"
0.0361886448741336,0.0572024218832533,0.0357042085678751,0.0377962181196417,0.0520743780513934,0.0190001839141783,0.0201789291348708,0.0293142453008313,0.0147436569119564,0.0425807059033894,0.0637174952698068,0.752760887872304,1.67324921035786,1.5986897155843,0.944650294239903,2.79208046297271,0.0597158151199578,12.2329327130688,"Group002Sample0005","TURNT","Mo22_0353"
0.0341669121943552,0.0796093063504876,0.0347611566892382,0.037240552301419,0.0646525911948242,0.0271040433737135,0.0194087996050399,0.0280194716734593,0.0143920754498398,0.038128968274912,0.051526167644125,0.746884904961636,0.92986971207639,1.6193219925973,0.933422157864014,3.74749883946149,0.0783973117999384,14.5173398657645,"Group002Sample0006","TURNT","Mo22_0361"
0.0362730955547089,0.0437793629735708,0.0374310487313432,0.0391077273638013,0.0474411220049177,0.0106415110091165,0.0211194972828001,0.0306365942380787,0.0148451471635517,0.0432963274135146,0.0488870376751182,0.766304037726562,1.55076386487846,1.59389171881656,0.957126666633918,2.64062024532101,0.0556270970247816,12.0730700059578,"Group002Sample0007","TURNT","Mo22_0354"
0.0112884959415846,0.0360872459508592,0.011990582819141,0.0145657140005374,0.042837274779168,0.0144111018466105,0.0050622546165369,0.00931816359229053,0.00351228282497626,0.0129066554742351,0.0381984623456169,0.924376987859603,0.737496663209554,1.67547002035834,0.823205976631055,2.18953966068917,0.120681071634784,7.55595580424326,"Group003Sample0001","TURNT","Mo22_0350"
0.0418332422019949,0.0455148341250313,0.0423350288146135,0.0431311658440194,0.0471841276806468,0.00887663745511864,0.0241643610751261,0.0348957819079984,0.0168025072214218,0.0498741952828536,0.0494987146457622,0.715558727220179,2.2475674094643,1.56945030695431,0.981541490617596,2.41250855402065,0.0456491786018231,12.2026990462729,"Group003Sample0002","TURNT","Mo22_0357"
0.0405014072717986,0.0473689183082164,0.0425504957948507,0.0392216483322491,0.0542094550257239,0.00606633665874177,0.0212294428516747,0.0355203462130442,0.0150891042306817,0.0465188767520894,0.0494734241804268,0.648243711483047,1.63605739440322,1.60089688642735,1.08487270688888,2.7997203574635,0.0548893351025003,12.7283511801393,"Group003Sample0003","TURNT","Mo22_0356"
0.139429026196117,0.0374015028406567,0.125625277994969,0.166915353270044,0.108318049634777,0.019312002930613,0.0610209775768241,0.0988157505995179,0.0420114796448197,0.164674002109785,0.205532965921228,1.00332766251561,3.93108855109192,1.50392229428428,0.752628655985442,4.79819295380238,0.026784104217014,42.0216573650717,"Group003Sample0004","TURNT","Mo22_0345"
0.0148524595132283,0.0646623661422603,0.0124575690352732,0.0271652414532456,0.0823979379002852,0.0202289641989184,0.00471008548161726,0.00983530456574614,0.00351195480776975,0.012558501399093,0.0364691809301569,1.0139777645728,0.501746908215041,1.96316776560327,0.458584881592679,4.33906388815283,0.177529847131311,12.2423723844325,"Group003Sample0005","TURNT","Mo22_0351"
0.00965453894887775,0.0231328432125002,0.0105068421263104,0.0110293290311683,0.029042723998792,0.00367398571291473,0.00609504122215003,0.00893295093843027,0.00405986294787009,0.0147747417865119,0.0391777865925155,1.13594476857482,0.926311175573667,1.68411463525252,0.952627498610165,1.62621183015035,0.107260859392337,5.20684781272272,"Group003Sample0006","TURNT","Mo22_0340"
0.0322123367697572,0.0218469057414042,0.0348810159127096,0.0323452629493347,0.0272123481301411,0,0.0205755527131906,0.029186002534,0.014957042682031,0.0398422525548736,0.0292177691781215,0.74925671430177,2.97085243959293,1.52036320909898,1.07839642445779,1.43512063053076,0.035107984594144,8.05822016812967,"Group003Sample0007","TURNT","Mo22_0342"
0.170697710671848,0.049008867881224,0.146030925565391,0.215227184712868,0.11986124548873,0.0551527831428533,0.0648542930959001,0.105931360650479,0.0452145811541645,0.184322532065451,0.19042404482295,0.986522370018759,3.66032024366947,1.56219145093903,0.678496658125268,5.1267544339603,0.0248624409008166,49.4992121776336,"Group004Sample0001","TURNT","Mo22_0337"
0.0473466117692958,0.0421531560854724,0.0486214298130979,0.0559830158699409,0.0723259040007339,0.0233423633042647,0.0260049054712963,0.0387668639979491,0.0182207346753724,0.0563796925236984,0.0435764665570737,0.884408571926453,1.88439423606307,1.62634973536373,0.868503224728989,3.36836300697694,0.0537747924765605,16.5200616306501,"Group004Sample0002","TURNT","Mo22_0334"
0.0877482866809628,0.0348425054520001,0.0658942999717556,0.110379363527439,0.0779732704353931,0.0140196294052463,0.0290301513391867,0.0469922179395691,0.0200625138663297,0.100346772484709,0.0907112811574705,0.97753473461522,2.91401706462491,1.49160052977499,0.596980249441058,3.30523063520441,0.0306399035324045,27.9210672717204,"Group004Sample0003","TURNT","Mo22_0319"
0.0850276940000492,0.0578851537292164,0.0854043907940749,0.0875279480423363,0.100145337496813,0.0432372161090753,0.0504186321377958,0.0687426818091423,0.0363429933570974,0.0997264622355539,0.0843692736130124,0.739131377510872,2.39471161681236,1.4964789513107,0.975738523571531,4.66831724413944,0.0435265409111272,23.1034465642948,"Group004Sample0004","TURNT","Mo22_0336"
0.0590425789891422,0.0309112004407986,0.06181422140749,0.0635387571104238,0.0657534416561327,0.0225533925815138,0.0336443599457585,0.0491057819476298,0.0235602617875774,0.0703838532948643,0.0403202859399244,0.808829607068029,2.92229035030655,1.56859047340048,0.972858523185514,2.81638975946753,0.0379231752679154,15.7796143145161,"Group004Sample0005","TURNT","Mo22_0331"
0.151855812053283,0.0775900204856414,0.119395137607883,0.196952157111851,0.148957196438106,0.0581540052303856,0.0511612473459686,0.0879824399552253,0.0341963971099416,0.14723885165139,0.277266240300867,0.87006655327757,1.91625019992665,1.73753220673914,0.606213911838888,6.9900467175682,0.0379877861784088,54.3255084214876,"Group004Sample0006","TURNT","Mo22_0333"
0.0383692125365252,0.031978546977027,0.0369018957469715,0.0431457306732417,0.0472603071271555,0.00836911868847489,0.01926874460559,0.0295668250193065,0.013744013201462,0.0407675252381673,0.0498674821707938,0.815088355141513,2.01188315618102,1.63666179145861,0.855284988135741,2.24342576987923,0.0457210414922112,11.4850690737509,"Group004Sample0007","TURNT","Mo22_0332"
0.0725953527446963,0.0646731129391281,0.0715602712789931,0.0821954639428371,0.257040894937424,0.0578837439757612,0.0385160351231571,0.0580956607625178,0.0269531777566373,0.0873310533959912,0.30520817688195,0.979893459960417,1.11279382726279,1.63068466157506,0.870610954015172,9.31807899272498,0.0863417131293035,36.0567095812283,"Group005Sample0001","TURNT","Mo22_0330"
0.0298502349537364,0.0911279665606526,0.0142268198979662,0.0651098636891589,0.427478006919714,0.104641763073712,0.00865404225295294,0.0180742212260565,0.00479539544747399,0.028318471445713,0.715405579540368,2.12500116776823,0.303256195673482,2.45539034192411,0.218504833090827,14.8438686824584,0.163622543413494,52.5303942423739,"Group005Sample0002","TURNT","Mo22_0322"
0.0349217439767305,0.0427166267747198,0.0329525871074385,0.0470604902579312,0.190764762036178,0.0369874113434865,0.0166318393348353,0.0258237584316223,0.0118365540780787,0.0414239399872222,0.245383877642035,1.23349507354921,0.818067299478545,1.76084280829642,0.700217675736708,6.78816502859325,0.111735233407912,24.6355769045086,"Group005Sample0003","TURNT","Mo22_0335"
0.0305340053105984,0.0375451507349681,0.0201581417730384,0.0356851144702523,0.0597522375046635,0.0130905678858987,0.00445707980001899,0.0121944132891859,0.00283400026205942,0.0175856117725275,0.0757284434642082,1.0026224321999,1.07935072242783,2.00490669905201,0.564889368362334,2.593363318616,0.0718413356521893,15.6027944802178,"Group005Sample0004","TURNT","Mo22_0321"
0.157585002294912,0.0408155346836699,0.138026347262555,0.204201604756119,0.142423884877901,0.0373019714910407,0.0626420143241774,0.103871751338994,0.0430983735207964,0.167632768615372,0.218059782705833,0.991714230184243,3.04021240749775,1.60477940641264,0.675931746116304,5.79367869291945,0.0297468573141762,48.570752498914,"Group005Sample0005","TURNT","Mo22_0325"
0.128824703426926,0.0174502916645615,0.119370325977212,0.143778434687416,0.0679232022154911,0.0154623380852563,0.0640638421608688,0.0912810926787086,0.0451715116123947,0.144847701189728,0.0882931936111041,0.846919064479302,4.63970186966032,1.46954472195799,0.830238041168908,2.8487848223418,0.018655639581735,29.1191674539302,"Group005Sample0006","TURNT","Mo22_0329"
0.0663000480044489,0.0557147467182502,0.0669025080665617,0.0720726298751481,0.118574502850687,0.0312482204865877,0.0364250573903889,0.0537213439319957,0.0259666563992799,0.0779984955368965,0.101650419618746,0.787562594660767,1.80922714755061,1.6357198175892,0.928265115099274,5.06508715111161,0.0589087484823208,22.143421516813,"Group005Sample0007","TURNT","Mo22_0324"
0.0404850768020681,0.0195837966604234,0.0443628537254662,0.0403570651537069,0.0589554217042686,0.00884156955203697,0.0265134712246994,0.0368012442450852,0.0189570833653659,0.0541601192260954,0.0407471048511178,0.783073983050819,2.40321808267795,1.50128757475568,1.09925866899644,2.5184787831661,0.0466005051014247,11.5067632553979,"Group006Sample0001","TURNT","Mo22_0344"
0.0276503006681992,0.0212130923993277,0.0280932113787556,0.0326711511744217,0.0274211139072151,0.0130030753834146,0.0140874380554605,0.0232442974112696,0.00973442256591741,0.0299031827331488,0.0145837148516505,0.867683936591522,1.38001482951208,1.58170351524099,0.859878221883708,1.71545278724205,0.0490235125611613,8.97912561751319,"Group006Sample0002","TURNT","Mo22_0323"
0.0105131148542616,0.0259410799636836,0.0105389921512356,0.0119043509569121,0.0382185484291338,0.00890976619488005,0.00658145264898161,0.00905150025809668,0.00466687185828641,0.0151004116402395,0,1.02606627666583,1.047156629145,1.70946845264212,0.885305901126531,1.88757978974803,0.113882751946042,5.57526830578862,"Group006Sample0003","TURNT","Mo22_0339"
0.0139849966078459,0.0253100146189467,0.011952586600651,0.0190688471893583,0.0325116534645084,0.00897665342199313,0.00531367748995308,0.00977686742108557,0.00346865955661725,0.0125282879972046,0.0223345582363728,1.09660747700192,0.947584777026715,1.69028298047525,0.62681222844564,1.62367489206894,0.0850796251311888,6.87613359416708,"Group006Sample0004","TURNT","Mo22_0320"
0.0353849674744285,0.0237301672567377,0.0357320726696514,0.0409478008524377,0.136519462504502,0.023869139867468,0.0195172447732248,0.0307627890384735,0.0138736151106207,0.0406675328424601,0.233601615724162,1.15146361930929,1.0574173503235,1.5875791236335,0.872624949955626,4.72141718394911,0.083287713981706,19.5687682181004,"Group006Sample0005","TURNT","Mo22_0347"
0.0575806230509682,0.0312550828459313,0.0422315511886988,0.0724683368596731,0.0792964842827069,0.0194508532537139,0.0162987188908059,0.0316407552613916,0.0115366224595582,0.066917992928587,0.103513114734991,1.03350293130837,2.23897498209869,1.49223663936522,0.582758664249125,3.16699330570746,0.0435956100685816,20.3299045519698,"Group006Sample0006","TURNT","Mo22_0318"
0.0659843930464555,0.0598845482225397,0.0541015091215146,0.082420956302747,0.0954027482967804,0.0345700041053154,0.0224705312162078,0.040741414032794,0.0141674917651481,0.070051523561031,0.101052680679978,1.11862628854865,1.79907558175933,1.63915443283447,0.656404773111222,4.73172239331037,0.0557712634850526,25.218765054834,"Group006Sample0007","TURNT","Mo22_0301"
0.0489238705424873,0.0288611730465679,0.0478490341890217,0.0527334890741776,0.0850272689417294,0.0236067315549412,0.0284799575799259,0.038248564759442,0.019868942742566,0.0616112793736302,0.0749382312010176,0.87658993872347,1.81478090080126,1.5384506672901,0.907374706834111,3.42203167280006,0.0527143898575026,16.0019769280135,"Group007Sample0001","TURNT","Mo22_0327"
0.0548106934023044,0.0457090829855353,0.0559427002755947,0.0667067375014039,0.106580179917074,0.0245082200108657,0.0284956104121331,0.0446525949651282,0.0205522081933555,0.0606831749504468,0.105975405436697,1.06995904372866,1.75097849589468,1.70792916533658,0.838636431206328,4.54996774457776,0.060985095957289,20.4869684053209,"Group007Sample0002","TURNT","Mo22_0304"
0.0432993219123095,0.00843876164224039,0.0354198602445576,0.0323586506314896,0.0284779890663121,0.0147374740220615,0.014162366171796,0.0234570383146326,0.0103402226615501,0.030840403504853,0.00500392346232433,0.486235053868131,2.56863192186506,1.37817504697015,1.09460251133244,1.17775066008446,0.029311500924714,7.85276239314435,"Group007Sample0003","TURNT","Mo22_0326"
0.0465149267404036,0.0251450285504547,0.0459781787562528,0.0525166460913076,0.05840175172355,0.0135396175941568,0.0248179404785977,0.0363924619403138,0.0175464621679169,0.0508558029042267,0.0659219138853272,0.869870048753794,2.18353257497127,1.65258075073149,0.875497240937917,2.5887177018584,0.0447877318172278,13.8175512745229,"Group007Sample0004","TURNT","Mo22_0328"
0.0339211628438463,0.0325639519316122,0.0336846142849983,0.0452742722620822,0.0837047130458575,0.0258029273438973,0.016608039120255,0.0264716398523465,0.0116665569541273,0.0386659468898291,0.0653468342376523,1.25658807298599,1.44517084488253,1.73579765372704,0.744012274565253,3.59705504340202,0.0732273354347777,14.7681315557641,"Group007Sample0005","TURNT","Mo22_0314"
0.0326706954048717,0.0341613904806873,0.0292186089087387,0.0354129715137549,0.0642257106353749,0.0226242361681476,0.0142224433583042,0.0229000494263603,0.0110140374370066,0.0297188388568679,0.0490692229134605,0.956664717134146,1.1602087038088,1.51629275760555,0.825082100139204,2.94953140926744,0.0709685130540981,11.6215614138992,"Group007Sample0006","TURNT","Mo22_0312"
0.0909472737809393,0.054327151374177,0.0943345636361309,0.0911840933242846,0.0854322429343155,0.0291097111144231,0.0537666939709701,0.0784556168719775,0.0382376063810541,0.103592185339045,0.0796323607080772,0.730552356716874,2.99180932766814,1.59785994818996,1.03455065677565,3.913940033747,0.0351575045205051,21.9285103468703,"Group007Sample0007","TURNT","Mo22_0306"
0.155376847385324,0.0561881185245963,0.137043721093879,0.191526979194387,0.142987636079962,0.0485281394829699,0.0664401222418408,0.10260737613635,0.0440244618215825,0.16298735560688,0.203295402466627,0.8743825205017,3.12173759507981,1.61835188795784,0.715532201626739,6.01393911587099,0.0322343226306558,45.8523165086494,"Group008Sample0001","TURNT","Mo22_0315"
0.034253089751505,0.0251990438207509,0.0369640281073261,0.0403832755063876,0.10894257502633,0.0218810635464878,0.0188533995850552,0.0297382883744697,0.013135632788681,0.0412649178764469,0.0823978720076419,1.10420559276149,1.32408624620711,1.72092440370915,0.915330112374844,4.11646086144434,0.0805356976330572,15.4570150132796,"Group008Sample0002","TURNT","Mo22_0307"
0.0810168040012148,0.0356909394732531,0.0730555522940538,0.0992548000480602,0.0901118334419701,0.0104640492893485,0.0373876103857538,0.055196080972624,0.0260977481296232,0.0963517973828601,0.0919346261415169,0.938515740056391,2.60396638672842,1.56909936618347,0.736040496365712,3.72150269408488,0.0362284306197557,25.0547280833157,"Group008Sample0003","TURNT","Mo22_0316"
0.0595868130433791,0.0426970057532634,0.0604852332667738,0.0679955945973692,0.0916250716353095,0.0313577516801316,0.0350222299407724,0.0490488997699479,0.0260667045525701,0.0678705590408663,0.0987222205058319,0.88265301560732,2.11134925017268,1.59803443982398,0.889546354067974,3.92265627382926,0.0488298143728312,19.376637519069,"Group008Sample0004","TURNT","Mo22_0317"
0.0507869840123668,0.0382682904983475,0.0546431429317566,0.061111845125475,0.0875932471172227,0.0204735063092495,0.0289092822488305,0.0433263442813536,0.0200366168613859,0.0596812063429575,0.0623993611219394,0.984508341036418,2.12791612246752,1.72370012605339,0.894149780939572,3.62241571287305,0.0521150458773736,17.3816056627549,"Group008Sample0005","TURNT","Mo22_0305"
0.0386308600478232,0.0273491068396305,0.0394883402628587,0.0459332706659586,0.0731852841446377,0.0160526053290356,0.0202678430083899,0.0319328688993068,0.0137974455237532,0.045500044315451,0.068479775586053,1.00418405022261,1.85145407010934,1.78082482806423,0.859689277300336,2.98475347233138,0.0582260349592718,13.9760099285719,"Group008Sample0006","TURNT","Mo22_0313"
0.0919576002323692,0.041430385711707,0.0872583879644466,0.108518206772156,0.0920082136741264,0.0256214801260573,0.0448031597408744,0.0676870523992067,0.0311150875734755,0.106184600117639,0.0966117834912967,0.90257572834137,2.93045316280608,1.56342180947751,0.8040898440909,4.06452145185953,0.0353882479940024,26.0914785461979,"Group008Sample0007","TURNT","Mo22_0310"
0.0807389041483005,0.0538192657865953,0.0604100554708499,0.106777239978075,0.121210545979132,0.0172784620347153,0.0245217052156008,0.0433479476598798,0.0172410765930746,0.0757507989094124,0.189816121211765,1.05953405790694,1.92512784975218,1.75949809308997,0.565757791484907,5.23876931581838,0.0506411039094229,32.5862960256586,"Group009Sample0001","TURNT","Mo22_0300"
0.0298884713397932,0.0406571625881319,0.0331825372451212,0.0388538311226645,0.140780360158001,0.0161900423299824,0.0155250918438685,0.026282751111373,0.0104369730308339,0.0354023581912377,0.112987595281052,1.30239691388117,1.0132877999389,1.81228666248552,0.854035143673769,5.2837409804476,0.109974586167145,17.0544817154187,"Group009Sample0002","TURNT","Mo22_0303"
0.0500330271554537,0.028428948457119,0.052032938691365,0.0606741435890082,0.0936148883473953,0,0.0289446574118688,0.0410833649994162,0.021491186281319,0.0599717328864359,0.0655980047097749,1.10860855861234,2.05954124518993,1.56994394081432,0.85758010931021,3.731788203456,0.0535002121124902,16.5293200091487,"Group009Sample0003","TURNT","Mo22_0309"
0.0542989074445966,0.0437594823438593,0.0435061710936025,0.0686204297854021,0.0877967293000119,0.0129627165064174,0.0182994625638068,0.0314255222355211,0.0122031676425539,0.0586561350992669,0.073663089496107,1.0134320176762,1.86718981994731,1.58160132340961,0.63401192953265,3.887875905664,0.0564497634128267,19.6652092136448,"Group009Sample0004","TURNT","Mo22_0302"
0.130042341890955,0.0510446488834506,0.120402806834987,0.16678939221648,0.158531843464102,0.0242731736520563,0.0562616333518726,0.0881172969861301,0.0370276420882278,0.150597585812692,0.187414024791814,1.06932044789219,2.77171195335658,1.59962078369325,0.721885278403757,6.63112337691222,0.0394287237247336,42.4527787338624,"Group009Sample0005","TURNT","Mo22_0311"
0.0348375131852044,0.0333731668618623,0.0369307170115086,0.0459878629428006,0.0769407294000176,0.0218064162408535,0.01841950697463,0.0297773786274845,0.012932809507293,0.0387726892767483,0.0607796680568128,1.35208429159718,1.76862236140486,1.6995403591877,0.803053559097599,3.35309470517651,0.0674309221827186,13.092747270618,"Group009Sample0006","TURNT","Mo22_0308"
0,0.00440472077385035,0.000614165234071852,0,0,0,0.000106355027294607,0.000429862084530807,0.000351886662967791,0,0,NA,NA,NA,Inf,0.014854225722561,0.0351097225437852,0.0429819348574014,"Group009Sample0007","TURNT","empty"
